Lower Bin Energy (MeV)   ,   Upper Bin Energy (MeV)    Lower Bin Wavelength (A)   ,   Upper Bin Wavelength (A)    ,     MCNP - STIP,  SPHERICAL      ,     MCNP - NOSTIP, INVERTED     ,     MCNP - NOSTIP, INVERTED, MISALIGNED
 9.0000E-13 ,   3.6357E-10 ,    3.0149E+02 ,    1.5000E+01 ,    1.6779E-12 ,    1.9495E-12 ,    1.7964E-12
 3.6357E-10 ,   3.6491E-10 ,    1.5000E+01 ,    1.4973E+01 ,    2.0896E-14 ,    2.4350E-14 ,    2.3141E-14
 3.6491E-10 ,   3.6625E-10 ,    1.4973E+01 ,    1.4945E+01 ,    2.1851E-14 ,    2.5340E-14 ,    2.2284E-14
 3.6625E-10 ,   3.6759E-10 ,    1.4945E+01 ,    1.4918E+01 ,    2.1520E-14 ,    2.5163E-14 ,    2.2377E-14
 3.6759E-10 ,   3.6895E-10 ,    1.4918E+01 ,    1.4890E+01 ,    2.2219E-14 ,    2.6917E-14 ,    2.4964E-14
 3.6895E-10 ,   3.7031E-10 ,    1.4890E+01 ,    1.4863E+01 ,    2.2044E-14 ,    2.5227E-14 ,    2.4948E-14
 3.7031E-10 ,   3.7168E-10 ,    1.4863E+01 ,    1.4836E+01 ,    2.2929E-14 ,    2.6637E-14 ,    2.5147E-14
 3.7168E-10 ,   3.7305E-10 ,    1.4836E+01 ,    1.4808E+01 ,    2.2439E-14 ,    2.8044E-14 ,    2.5836E-14
 3.7305E-10 ,   3.7444E-10 ,    1.4808E+01 ,    1.4781E+01 ,    2.3656E-14 ,    2.7434E-14 ,    2.6274E-14
 3.7444E-10 ,   3.7583E-10 ,    1.4781E+01 ,    1.4753E+01 ,    2.3693E-14 ,    2.7344E-14 ,    2.5415E-14
 3.7583E-10 ,   3.7723E-10 ,    1.4753E+01 ,    1.4726E+01 ,    2.3697E-14 ,    2.8453E-14 ,    2.7133E-14
 3.7723E-10 ,   3.7864E-10 ,    1.4726E+01 ,    1.4699E+01 ,    2.4414E-14 ,    2.7221E-14 ,    2.7755E-14
 3.7864E-10 ,   3.8005E-10 ,    1.4699E+01 ,    1.4671E+01 ,    2.5031E-14 ,    2.8046E-14 ,    2.6485E-14
 3.8005E-10 ,   3.8148E-10 ,    1.4671E+01 ,    1.4644E+01 ,    2.4871E-14 ,    3.1136E-14 ,    2.7991E-14
 3.8148E-10 ,   3.8291E-10 ,    1.4644E+01 ,    1.4616E+01 ,    2.5889E-14 ,    2.8963E-14 ,    2.6439E-14
 3.8291E-10 ,   3.8435E-10 ,    1.4616E+01 ,    1.4589E+01 ,    2.5800E-14 ,    3.1080E-14 ,    2.8571E-14
 3.8435E-10 ,   3.8579E-10 ,    1.4589E+01 ,    1.4562E+01 ,    2.5888E-14 ,    2.8849E-14 ,    3.0431E-14
 3.8579E-10 ,   3.8725E-10 ,    1.4562E+01 ,    1.4534E+01 ,    2.7177E-14 ,    3.0134E-14 ,    2.9520E-14
 3.8725E-10 ,   3.8871E-10 ,    1.4534E+01 ,    1.4507E+01 ,    2.6572E-14 ,    3.2546E-14 ,    3.1314E-14
 3.8871E-10 ,   3.9019E-10 ,    1.4507E+01 ,    1.4479E+01 ,    2.7541E-14 ,    2.9942E-14 ,    2.7861E-14
 3.9019E-10 ,   3.9167E-10 ,    1.4479E+01 ,    1.4452E+01 ,    2.7523E-14 ,    3.2189E-14 ,    3.1373E-14
 3.9167E-10 ,   3.9316E-10 ,    1.4452E+01 ,    1.4425E+01 ,    2.7818E-14 ,    3.2560E-14 ,    3.0508E-14
 3.9316E-10 ,   3.9465E-10 ,    1.4425E+01 ,    1.4397E+01 ,    2.7910E-14 ,    3.4108E-14 ,    2.9545E-14
 3.9465E-10 ,   3.9616E-10 ,    1.4397E+01 ,    1.4370E+01 ,    2.8486E-14 ,    3.2527E-14 ,    3.0198E-14
 3.9616E-10 ,   3.9768E-10 ,    1.4370E+01 ,    1.4342E+01 ,    2.9069E-14 ,    3.6637E-14 ,    2.9805E-14
 3.9768E-10 ,   3.9920E-10 ,    1.4342E+01 ,    1.4315E+01 ,    2.9937E-14 ,    3.4279E-14 ,    3.3383E-14
 3.9920E-10 ,   4.0073E-10 ,    1.4315E+01 ,    1.4288E+01 ,    2.9226E-14 ,    3.6129E-14 ,    3.1148E-14
 4.0073E-10 ,   4.0227E-10 ,    1.4288E+01 ,    1.4260E+01 ,    3.0488E-14 ,    3.3641E-14 ,    3.1049E-14
 4.0227E-10 ,   4.0382E-10 ,    1.4260E+01 ,    1.4233E+01 ,    3.0992E-14 ,    3.8352E-14 ,    3.2814E-14
 4.0382E-10 ,   4.0538E-10 ,    1.4233E+01 ,    1.4205E+01 ,    3.1048E-14 ,    3.4135E-14 ,    3.4354E-14
 4.0538E-10 ,   4.0695E-10 ,    1.4205E+01 ,    1.4178E+01 ,    3.1939E-14 ,    3.6447E-14 ,    3.4507E-14
 4.0695E-10 ,   4.0853E-10 ,    1.4178E+01 ,    1.4151E+01 ,    3.2185E-14 ,    3.6398E-14 ,    3.4569E-14
 4.0853E-10 ,   4.1011E-10 ,    1.4151E+01 ,    1.4123E+01 ,    3.2603E-14 ,    3.7762E-14 ,    3.6410E-14
 4.1011E-10 ,   4.1171E-10 ,    1.4123E+01 ,    1.4096E+01 ,    3.2861E-14 ,    3.9056E-14 ,    3.6410E-14
 4.1171E-10 ,   4.1331E-10 ,    1.4096E+01 ,    1.4068E+01 ,    3.4134E-14 ,    3.7375E-14 ,    3.8671E-14
 4.1331E-10 ,   4.1493E-10 ,    1.4068E+01 ,    1.4041E+01 ,    3.4945E-14 ,    4.0803E-14 ,    3.6041E-14
 4.1493E-10 ,   4.1655E-10 ,    1.4041E+01 ,    1.4014E+01 ,    3.4309E-14 ,    3.9069E-14 ,    3.7794E-14
 4.1655E-10 ,   4.1819E-10 ,    1.4014E+01 ,    1.3986E+01 ,    3.5497E-14 ,    4.1388E-14 ,    3.9559E-14
 4.1819E-10 ,   4.1983E-10 ,    1.3986E+01 ,    1.3959E+01 ,    3.5201E-14 ,    4.1891E-14 ,    3.6922E-14
 4.1983E-10 ,   4.2148E-10 ,    1.3959E+01 ,    1.3932E+01 ,    3.5886E-14 ,    4.0716E-14 ,    3.7282E-14
 4.2148E-10 ,   4.2314E-10 ,    1.3932E+01 ,    1.3904E+01 ,    3.5862E-14 ,    4.3575E-14 ,    4.0046E-14
 4.2314E-10 ,   4.2482E-10 ,    1.3904E+01 ,    1.3877E+01 ,    3.7024E-14 ,    4.1827E-14 ,    3.9035E-14
 4.2482E-10 ,   4.2650E-10 ,    1.3877E+01 ,    1.3849E+01 ,    3.7904E-14 ,    4.0774E-14 ,    4.0522E-14
 4.2650E-10 ,   4.2819E-10 ,    1.3849E+01 ,    1.3822E+01 ,    3.8316E-14 ,    4.5300E-14 ,    4.0197E-14
 4.2819E-10 ,   4.2989E-10 ,    1.3822E+01 ,    1.3795E+01 ,    3.8121E-14 ,    4.7231E-14 ,    4.0289E-14
 4.2989E-10 ,   4.3161E-10 ,    1.3795E+01 ,    1.3767E+01 ,    3.8710E-14 ,    4.6743E-14 ,    3.8385E-14
 4.3161E-10 ,   4.3333E-10 ,    1.3767E+01 ,    1.3740E+01 ,    3.9706E-14 ,    4.7103E-14 ,    4.2106E-14
 4.3333E-10 ,   4.3506E-10 ,    1.3740E+01 ,    1.3712E+01 ,    4.0150E-14 ,    4.7058E-14 ,    4.4566E-14
 4.3506E-10 ,   4.3681E-10 ,    1.3712E+01 ,    1.3685E+01 ,    4.0426E-14 ,    4.9656E-14 ,    4.3998E-14
 4.3681E-10 ,   4.3856E-10 ,    1.3685E+01 ,    1.3658E+01 ,    4.2533E-14 ,    4.7580E-14 ,    4.4294E-14
 4.3856E-10 ,   4.4033E-10 ,    1.3658E+01 ,    1.3630E+01 ,    4.2796E-14 ,    4.7896E-14 ,    4.9712E-14
 4.4033E-10 ,   4.4210E-10 ,    1.3630E+01 ,    1.3603E+01 ,    4.3488E-14 ,    4.9387E-14 ,    4.5690E-14
 4.4210E-10 ,   4.4389E-10 ,    1.3603E+01 ,    1.3575E+01 ,    4.3651E-14 ,    5.0088E-14 ,    4.7117E-14
 4.4389E-10 ,   4.4569E-10 ,    1.3575E+01 ,    1.3548E+01 ,    4.3912E-14 ,    5.0869E-14 ,    4.3808E-14
 4.4569E-10 ,   4.4749E-10 ,    1.3548E+01 ,    1.3521E+01 ,    4.4767E-14 ,    5.3447E-14 ,    4.6207E-14
 4.4749E-10 ,   4.4931E-10 ,    1.3521E+01 ,    1.3493E+01 ,    4.5217E-14 ,    5.3811E-14 ,    5.0593E-14
 4.4931E-10 ,   4.5114E-10 ,    1.3493E+01 ,    1.3466E+01 ,    4.6029E-14 ,    5.2880E-14 ,    4.6923E-14
 4.5114E-10 ,   4.5299E-10 ,    1.3466E+01 ,    1.3438E+01 ,    4.6838E-14 ,    5.3709E-14 ,    5.0053E-14
 4.5299E-10 ,   4.5484E-10 ,    1.3438E+01 ,    1.3411E+01 ,    4.8528E-14 ,    5.6361E-14 ,    5.3844E-14
 4.5484E-10 ,   4.5670E-10 ,    1.3411E+01 ,    1.3384E+01 ,    4.8252E-14 ,    5.4030E-14 ,    5.1483E-14
 4.5670E-10 ,   4.5858E-10 ,    1.3384E+01 ,    1.3356E+01 ,    4.9322E-14 ,    5.8346E-14 ,    5.2488E-14
 4.5858E-10 ,   4.6046E-10 ,    1.3356E+01 ,    1.3329E+01 ,    4.9302E-14 ,    5.2240E-14 ,    5.3093E-14
 4.6046E-10 ,   4.6236E-10 ,    1.3329E+01 ,    1.3301E+01 ,    4.9637E-14 ,    5.7332E-14 ,    5.3916E-14
 4.6236E-10 ,   4.6427E-10 ,    1.3301E+01 ,    1.3274E+01 ,    5.1502E-14 ,    5.9324E-14 ,    5.3426E-14
 4.6427E-10 ,   4.6620E-10 ,    1.3274E+01 ,    1.3247E+01 ,    5.1704E-14 ,    5.6906E-14 ,    5.8740E-14
 4.6620E-10 ,   4.6813E-10 ,    1.3247E+01 ,    1.3219E+01 ,    5.2590E-14 ,    5.9068E-14 ,    5.4920E-14
 4.6813E-10 ,   4.7008E-10 ,    1.3219E+01 ,    1.3192E+01 ,    5.2809E-14 ,    6.1374E-14 ,    5.7081E-14
 4.7008E-10 ,   4.7204E-10 ,    1.3192E+01 ,    1.3164E+01 ,    5.4459E-14 ,    6.1822E-14 ,    6.1228E-14
 4.7204E-10 ,   4.7401E-10 ,    1.3164E+01 ,    1.3137E+01 ,    5.3893E-14 ,    6.4417E-14 ,    6.0832E-14
 4.7401E-10 ,   4.7599E-10 ,    1.3137E+01 ,    1.3110E+01 ,    5.5955E-14 ,    6.6655E-14 ,    5.9247E-14
 4.7599E-10 ,   4.7798E-10 ,    1.3110E+01 ,    1.3082E+01 ,    5.6629E-14 ,    6.4407E-14 ,    6.1582E-14
 4.7798E-10 ,   4.7999E-10 ,    1.3082E+01 ,    1.3055E+01 ,    5.7969E-14 ,    6.7369E-14 ,    6.2958E-14
 4.7999E-10 ,   4.8202E-10 ,    1.3055E+01 ,    1.3027E+01 ,    5.8096E-14 ,    6.4667E-14 ,    6.0493E-14
 4.8202E-10 ,   4.8405E-10 ,    1.3027E+01 ,    1.3000E+01 ,    5.8921E-14 ,    6.7510E-14 ,    6.1199E-14
 4.8405E-10 ,   4.8609E-10 ,    1.3000E+01 ,    1.2973E+01 ,    5.9731E-14 ,    6.8493E-14 ,    6.5569E-14
 4.8609E-10 ,   4.8815E-10 ,    1.2973E+01 ,    1.2945E+01 ,    6.0778E-14 ,    6.9259E-14 ,    6.6787E-14
 4.8815E-10 ,   4.9023E-10 ,    1.2945E+01 ,    1.2918E+01 ,    6.2099E-14 ,    7.0727E-14 ,    6.7457E-14
 4.9023E-10 ,   4.9231E-10 ,    1.2918E+01 ,    1.2890E+01 ,    6.2139E-14 ,    7.1759E-14 ,    6.4850E-14
 4.9231E-10 ,   4.9441E-10 ,    1.2890E+01 ,    1.2863E+01 ,    6.3658E-14 ,    7.3253E-14 ,    6.8981E-14
 4.9441E-10 ,   4.9653E-10 ,    1.2863E+01 ,    1.2836E+01 ,    6.4876E-14 ,    7.4510E-14 ,    6.7877E-14
 4.9653E-10 ,   4.9865E-10 ,    1.2836E+01 ,    1.2808E+01 ,    6.4236E-14 ,    7.8852E-14 ,    8.0404E-14
 4.9865E-10 ,   5.0079E-10 ,    1.2808E+01 ,    1.2781E+01 ,    6.6410E-14 ,    7.7539E-14 ,    7.0780E-14
 5.0079E-10 ,   5.0295E-10 ,    1.2781E+01 ,    1.2753E+01 ,    6.7217E-14 ,    7.7562E-14 ,    7.3509E-14
 5.0295E-10 ,   5.0511E-10 ,    1.2753E+01 ,    1.2726E+01 ,    6.8001E-14 ,    7.6564E-14 ,    7.4330E-14
 5.0511E-10 ,   5.0730E-10 ,    1.2726E+01 ,    1.2699E+01 ,    6.9447E-14 ,    7.9710E-14 ,    7.3858E-14
 5.0730E-10 ,   5.0949E-10 ,    1.2699E+01 ,    1.2671E+01 ,    6.9649E-14 ,    8.0126E-14 ,    7.6190E-14
 5.0949E-10 ,   5.1170E-10 ,    1.2671E+01 ,    1.2644E+01 ,    7.0678E-14 ,    8.2932E-14 ,    7.2143E-14
 5.1170E-10 ,   5.1393E-10 ,    1.2644E+01 ,    1.2616E+01 ,    7.2159E-14 ,    8.5601E-14 ,    7.2974E-14
 5.1393E-10 ,   5.1617E-10 ,    1.2616E+01 ,    1.2589E+01 ,    7.3391E-14 ,    8.6278E-14 ,    8.3604E-14
 5.1617E-10 ,   5.1842E-10 ,    1.2589E+01 ,    1.2562E+01 ,    7.4156E-14 ,    8.6473E-14 ,    8.0294E-14
 5.1842E-10 ,   5.2069E-10 ,    1.2562E+01 ,    1.2534E+01 ,    7.5913E-14 ,    9.2272E-14 ,    8.0979E-14
 5.2069E-10 ,   5.2297E-10 ,    1.2534E+01 ,    1.2507E+01 ,    7.6288E-14 ,    9.2732E-14 ,    8.2466E-14
 5.2297E-10 ,   5.2527E-10 ,    1.2507E+01 ,    1.2479E+01 ,    7.7876E-14 ,    9.2586E-14 ,    8.2226E-14
 5.2527E-10 ,   5.2759E-10 ,    1.2479E+01 ,    1.2452E+01 ,    7.8626E-14 ,    9.0672E-14 ,    8.2503E-14
 5.2759E-10 ,   5.2992E-10 ,    1.2452E+01 ,    1.2425E+01 ,    8.0109E-14 ,    9.1088E-14 ,    8.4035E-14
 5.2992E-10 ,   5.3226E-10 ,    1.2425E+01 ,    1.2397E+01 ,    8.2110E-14 ,    9.5484E-14 ,    8.8302E-14
 5.3226E-10 ,   5.3462E-10 ,    1.2397E+01 ,    1.2370E+01 ,    8.2450E-14 ,    1.0035E-13 ,    9.1824E-14
 5.3462E-10 ,   5.3700E-10 ,    1.2370E+01 ,    1.2342E+01 ,    8.6352E-14 ,    9.9905E-14 ,    8.7705E-14
 5.3700E-10 ,   5.3939E-10 ,    1.2342E+01 ,    1.2315E+01 ,    8.4408E-14 ,    1.0003E-13 ,    8.9697E-14
 5.3939E-10 ,   5.4180E-10 ,    1.2315E+01 ,    1.2288E+01 ,    8.7202E-14 ,    1.0523E-13 ,    9.1949E-14
 5.4180E-10 ,   5.4422E-10 ,    1.2288E+01 ,    1.2260E+01 ,    8.8043E-14 ,    9.9316E-14 ,    9.5326E-14
 5.4422E-10 ,   5.4666E-10 ,    1.2260E+01 ,    1.2233E+01 ,    9.0411E-14 ,    1.0498E-13 ,    9.8298E-14
 5.4666E-10 ,   5.4912E-10 ,    1.2233E+01 ,    1.2205E+01 ,    9.0088E-14 ,    1.0702E-13 ,    9.5154E-14
 5.4912E-10 ,   5.5159E-10 ,    1.2205E+01 ,    1.2178E+01 ,    9.1962E-14 ,    1.0968E-13 ,    1.0025E-13
 5.5159E-10 ,   5.5408E-10 ,    1.2178E+01 ,    1.2151E+01 ,    9.3185E-14 ,    1.0876E-13 ,    9.9718E-14
 5.5408E-10 ,   5.5659E-10 ,    1.2151E+01 ,    1.2123E+01 ,    9.4233E-14 ,    1.1144E-13 ,    1.0381E-13
 5.5659E-10 ,   5.5911E-10 ,    1.2123E+01 ,    1.2096E+01 ,    9.6741E-14 ,    1.1805E-13 ,    1.0660E-13
 5.5911E-10 ,   5.6165E-10 ,    1.2096E+01 ,    1.2068E+01 ,    9.7233E-14 ,    1.1450E-13 ,    1.0765E-13
 5.6165E-10 ,   5.6421E-10 ,    1.2068E+01 ,    1.2041E+01 ,    1.0013E-13 ,    1.1587E-13 ,    1.0528E-13
 5.6421E-10 ,   5.6679E-10 ,    1.2041E+01 ,    1.2014E+01 ,    1.0077E-13 ,    1.1715E-13 ,    1.0875E-13
 5.6679E-10 ,   5.6938E-10 ,    1.2014E+01 ,    1.1986E+01 ,    1.0142E-13 ,    1.1978E-13 ,    1.0708E-13
 5.6938E-10 ,   5.7200E-10 ,    1.1986E+01 ,    1.1959E+01 ,    1.0472E-13 ,    1.2045E-13 ,    1.1468E-13
 5.7200E-10 ,   5.7463E-10 ,    1.1959E+01 ,    1.1932E+01 ,    1.0655E-13 ,    1.2074E-13 ,    1.1703E-13
 5.7463E-10 ,   5.7727E-10 ,    1.1932E+01 ,    1.1904E+01 ,    1.0855E-13 ,    1.2642E-13 ,    1.1656E-13
 5.7727E-10 ,   5.7994E-10 ,    1.1904E+01 ,    1.1877E+01 ,    1.0945E-13 ,    1.2438E-13 ,    1.1898E-13
 5.7994E-10 ,   5.8263E-10 ,    1.1877E+01 ,    1.1849E+01 ,    1.0976E-13 ,    1.2945E-13 ,    1.1906E-13
 5.8263E-10 ,   5.8533E-10 ,    1.1849E+01 ,    1.1822E+01 ,    1.1345E-13 ,    1.3034E-13 ,    1.2204E-13
 5.8533E-10 ,   5.8805E-10 ,    1.1822E+01 ,    1.1795E+01 ,    1.1388E-13 ,    1.3344E-13 ,    1.2082E-13
 5.8805E-10 ,   5.9079E-10 ,    1.1795E+01 ,    1.1767E+01 ,    1.1657E-13 ,    1.3064E-13 ,    1.2377E-13
 5.9079E-10 ,   5.9355E-10 ,    1.1767E+01 ,    1.1740E+01 ,    1.1893E-13 ,    1.3338E-13 ,    1.2486E-13
 5.9355E-10 ,   5.9633E-10 ,    1.1740E+01 ,    1.1712E+01 ,    1.1868E-13 ,    1.4344E-13 ,    1.2747E-13
 5.9633E-10 ,   5.9913E-10 ,    1.1712E+01 ,    1.1685E+01 ,    1.2137E-13 ,    1.3896E-13 ,    1.2982E-13
 5.9913E-10 ,   6.0195E-10 ,    1.1685E+01 ,    1.1658E+01 ,    1.2483E-13 ,    1.4472E-13 ,    1.3576E-13
 6.0195E-10 ,   6.0479E-10 ,    1.1658E+01 ,    1.1630E+01 ,    1.2435E-13 ,    1.4603E-13 ,    1.3414E-13
 6.0479E-10 ,   6.0765E-10 ,    1.1630E+01 ,    1.1603E+01 ,    1.2713E-13 ,    1.4961E-13 ,    1.3727E-13
 6.0765E-10 ,   6.1053E-10 ,    1.1603E+01 ,    1.1575E+01 ,    1.2977E-13 ,    1.5685E-13 ,    1.3631E-13
 6.1053E-10 ,   6.1343E-10 ,    1.1575E+01 ,    1.1548E+01 ,    1.3232E-13 ,    1.5640E-13 ,    1.4310E-13
 6.1343E-10 ,   6.1635E-10 ,    1.1548E+01 ,    1.1521E+01 ,    1.3347E-13 ,    1.5792E-13 ,    1.4589E-13
 6.1635E-10 ,   6.1929E-10 ,    1.1521E+01 ,    1.1493E+01 ,    1.3602E-13 ,    1.5774E-13 ,    1.5235E-13
 6.1929E-10 ,   6.2226E-10 ,    1.1493E+01 ,    1.1466E+01 ,    1.3735E-13 ,    1.6442E-13 ,    1.4800E-13
 6.2226E-10 ,   6.2524E-10 ,    1.1466E+01 ,    1.1438E+01 ,    1.4020E-13 ,    1.6181E-13 ,    1.5244E-13
 6.2524E-10 ,   6.2825E-10 ,    1.1438E+01 ,    1.1411E+01 ,    1.4346E-13 ,    1.6821E-13 ,    1.4671E-13
 6.2825E-10 ,   6.3128E-10 ,    1.1411E+01 ,    1.1384E+01 ,    1.4259E-13 ,    1.6820E-13 ,    1.5497E-13
 6.3128E-10 ,   6.3433E-10 ,    1.1384E+01 ,    1.1356E+01 ,    1.4801E-13 ,    1.6830E-13 ,    1.5500E-13
 6.3433E-10 ,   6.3740E-10 ,    1.1356E+01 ,    1.1329E+01 ,    1.4999E-13 ,    1.7334E-13 ,    1.6234E-13
 6.3740E-10 ,   6.4049E-10 ,    1.1329E+01 ,    1.1301E+01 ,    1.5231E-13 ,    1.7711E-13 ,    1.6555E-13
 6.4049E-10 ,   6.4361E-10 ,    1.1301E+01 ,    1.1274E+01 ,    1.5479E-13 ,    1.7789E-13 ,    1.7177E-13
 6.4361E-10 ,   6.4675E-10 ,    1.1274E+01 ,    1.1247E+01 ,    1.5501E-13 ,    1.7902E-13 ,    1.7173E-13
 6.4675E-10 ,   6.4991E-10 ,    1.1247E+01 ,    1.1219E+01 ,    1.5878E-13 ,    1.7891E-13 ,    1.7077E-13
 6.4991E-10 ,   6.5310E-10 ,    1.1219E+01 ,    1.1192E+01 ,    1.6254E-13 ,    1.9254E-13 ,    1.7736E-13
 6.5310E-10 ,   6.5631E-10 ,    1.1192E+01 ,    1.1164E+01 ,    1.6491E-13 ,    1.9131E-13 ,    1.7465E-13
 6.5631E-10 ,   6.5954E-10 ,    1.1164E+01 ,    1.1137E+01 ,    1.6694E-13 ,    1.9772E-13 ,    1.8419E-13
 6.5954E-10 ,   6.6280E-10 ,    1.1137E+01 ,    1.1110E+01 ,    1.7094E-13 ,    1.9740E-13 ,    1.7960E-13
 6.6280E-10 ,   6.6608E-10 ,    1.1110E+01 ,    1.1082E+01 ,    1.7129E-13 ,    1.9789E-13 ,    1.8547E-13
 6.6608E-10 ,   6.6938E-10 ,    1.1082E+01 ,    1.1055E+01 ,    1.7429E-13 ,    1.9972E-13 ,    1.9177E-13
 6.6938E-10 ,   6.7271E-10 ,    1.1055E+01 ,    1.1027E+01 ,    1.8002E-13 ,    2.0430E-13 ,    1.9256E-13
 6.7271E-10 ,   6.7607E-10 ,    1.1027E+01 ,    1.1000E+01 ,    1.8134E-13 ,    2.2160E-13 ,    1.9267E-13
 6.7607E-10 ,   6.7945E-10 ,    1.1000E+01 ,    1.0973E+01 ,    1.8469E-13 ,    2.0600E-13 ,    2.0087E-13
 6.7945E-10 ,   6.8285E-10 ,    1.0973E+01 ,    1.0945E+01 ,    1.8653E-13 ,    2.2189E-13 ,    1.9766E-13
 6.8285E-10 ,   6.8628E-10 ,    1.0945E+01 ,    1.0918E+01 ,    1.9070E-13 ,    2.1729E-13 ,    2.1110E-13
 6.8628E-10 ,   6.8974E-10 ,    1.0918E+01 ,    1.0890E+01 ,    1.9306E-13 ,    2.3074E-13 ,    2.1577E-13
 6.8974E-10 ,   6.9323E-10 ,    1.0890E+01 ,    1.0863E+01 ,    1.9548E-13 ,    2.2086E-13 ,    2.2165E-13
 6.9323E-10 ,   6.9674E-10 ,    1.0863E+01 ,    1.0836E+01 ,    1.9941E-13 ,    2.3183E-13 ,    2.2338E-13
 6.9674E-10 ,   7.0027E-10 ,    1.0836E+01 ,    1.0808E+01 ,    2.0297E-13 ,    2.3016E-13 ,    2.1446E-13
 7.0027E-10 ,   7.0384E-10 ,    1.0808E+01 ,    1.0781E+01 ,    2.0701E-13 ,    2.4057E-13 ,    2.2716E-13
 7.0384E-10 ,   7.0743E-10 ,    1.0781E+01 ,    1.0753E+01 ,    2.0885E-13 ,    2.4399E-13 ,    2.3215E-13
 7.0743E-10 ,   7.1105E-10 ,    1.0753E+01 ,    1.0726E+01 ,    2.1333E-13 ,    2.3899E-13 ,    2.3703E-13
 7.1105E-10 ,   7.1469E-10 ,    1.0726E+01 ,    1.0699E+01 ,    2.1662E-13 ,    2.4800E-13 ,    2.3842E-13
 7.1469E-10 ,   7.1837E-10 ,    1.0699E+01 ,    1.0671E+01 ,    2.1943E-13 ,    2.5361E-13 ,    2.3213E-13
 7.1837E-10 ,   7.2207E-10 ,    1.0671E+01 ,    1.0644E+01 ,    2.2417E-13 ,    2.5714E-13 ,    2.4152E-13
 7.2207E-10 ,   7.2580E-10 ,    1.0644E+01 ,    1.0616E+01 ,    2.3003E-13 ,    2.7320E-13 ,    2.4622E-13
 7.2580E-10 ,   7.2956E-10 ,    1.0616E+01 ,    1.0589E+01 ,    2.3000E-13 ,    2.6469E-13 ,    2.5246E-13
 7.2956E-10 ,   7.3335E-10 ,    1.0589E+01 ,    1.0562E+01 ,    2.3858E-13 ,    2.7148E-13 ,    2.5512E-13
 7.3335E-10 ,   7.3717E-10 ,    1.0562E+01 ,    1.0534E+01 ,    2.4249E-13 ,    2.8224E-13 ,    2.6129E-13
 7.3717E-10 ,   7.4102E-10 ,    1.0534E+01 ,    1.0507E+01 ,    2.4891E-13 ,    2.8478E-13 ,    2.7095E-13
 7.4102E-10 ,   7.4490E-10 ,    1.0507E+01 ,    1.0479E+01 ,    2.4688E-13 ,    2.9457E-13 ,    2.7280E-13
 7.4490E-10 ,   7.4881E-10 ,    1.0479E+01 ,    1.0452E+01 ,    2.5002E-13 ,    2.9355E-13 ,    2.7652E-13
 7.4881E-10 ,   7.5275E-10 ,    1.0452E+01 ,    1.0425E+01 ,    2.5823E-13 ,    2.9226E-13 ,    2.8095E-13
 7.5275E-10 ,   7.5672E-10 ,    1.0425E+01 ,    1.0397E+01 ,    2.5854E-13 ,    2.9839E-13 ,    2.9152E-13
 7.5672E-10 ,   7.6073E-10 ,    1.0397E+01 ,    1.0370E+01 ,    2.6720E-13 ,    3.0897E-13 ,    2.8596E-13
 7.6073E-10 ,   7.6476E-10 ,    1.0370E+01 ,    1.0342E+01 ,    2.7221E-13 ,    3.0527E-13 ,    2.9666E-13
 7.6476E-10 ,   7.6883E-10 ,    1.0342E+01 ,    1.0315E+01 ,    2.7349E-13 ,    3.1946E-13 ,    3.0102E-13
 7.6883E-10 ,   7.7293E-10 ,    1.0315E+01 ,    1.0288E+01 ,    2.7792E-13 ,    3.2668E-13 ,    2.9443E-13
 7.7293E-10 ,   7.7707E-10 ,    1.0288E+01 ,    1.0260E+01 ,    2.8127E-13 ,    3.2534E-13 ,    3.1754E-13
 7.7707E-10 ,   7.8123E-10 ,    1.0260E+01 ,    1.0233E+01 ,    2.8659E-13 ,    3.3624E-13 ,    3.0935E-13
 7.8123E-10 ,   7.8543E-10 ,    1.0233E+01 ,    1.0205E+01 ,    2.9181E-13 ,    3.2747E-13 ,    3.1602E-13
 7.8543E-10 ,   7.8967E-10 ,    1.0205E+01 ,    1.0178E+01 ,    2.9975E-13 ,    3.4867E-13 ,    3.1759E-13
 7.8967E-10 ,   7.9394E-10 ,    1.0178E+01 ,    1.0151E+01 ,    3.0424E-13 ,    3.4517E-13 ,    3.2925E-13
 7.9394E-10 ,   7.9824E-10 ,    1.0151E+01 ,    1.0123E+01 ,    3.0691E-13 ,    3.5120E-13 ,    3.3518E-13
 7.9824E-10 ,   8.0258E-10 ,    1.0123E+01 ,    1.0096E+01 ,    3.1542E-13 ,    3.6736E-13 ,    3.2930E-13
 8.0258E-10 ,   8.0695E-10 ,    1.0096E+01 ,    1.0068E+01 ,    3.2229E-13 ,    3.6929E-13 ,    3.4185E-13
 8.0695E-10 ,   8.1136E-10 ,    1.0068E+01 ,    1.0041E+01 ,    3.2349E-13 ,    3.7409E-13 ,    3.4567E-13
 8.1136E-10 ,   8.1581E-10 ,    1.0041E+01 ,    1.0014E+01 ,    3.2893E-13 ,    3.7356E-13 ,    3.5334E-13
 8.1581E-10 ,   8.2029E-10 ,    1.0014E+01 ,    9.9863E+00 ,    3.3724E-13 ,    3.8558E-13 ,    3.6224E-13
 8.2029E-10 ,   8.2481E-10 ,    9.9863E+00 ,    9.9589E+00 ,    3.3966E-13 ,    4.0121E-13 ,    3.7519E-13
 8.2481E-10 ,   8.2936E-10 ,    9.9589E+00 ,    9.9315E+00 ,    3.4780E-13 ,    4.0404E-13 ,    3.7987E-13
 8.2936E-10 ,   8.3396E-10 ,    9.9315E+00 ,    9.9041E+00 ,    3.5324E-13 ,    4.0942E-13 ,    3.7970E-13
 8.3396E-10 ,   8.3859E-10 ,    9.9041E+00 ,    9.8767E+00 ,    3.6132E-13 ,    4.1141E-13 ,    3.9997E-13
 8.3859E-10 ,   8.4326E-10 ,    9.8767E+00 ,    9.8493E+00 ,    3.6873E-13 ,    4.2622E-13 ,    4.0542E-13
 8.4326E-10 ,   8.4797E-10 ,    9.8493E+00 ,    9.8219E+00 ,    3.7300E-13 ,    4.3941E-13 ,    4.0491E-13
 8.4797E-10 ,   8.5273E-10 ,    9.8219E+00 ,    9.7945E+00 ,    3.8096E-13 ,    4.4588E-13 ,    4.1426E-13
 8.5273E-10 ,   8.5752E-10 ,    9.7945E+00 ,    9.7671E+00 ,    3.8527E-13 ,    4.5085E-13 ,    4.1997E-13
 8.5752E-10 ,   8.6235E-10 ,    9.7671E+00 ,    9.7397E+00 ,    3.9321E-13 ,    4.5231E-13 ,    4.3387E-13
 8.6235E-10 ,   8.6722E-10 ,    9.7397E+00 ,    9.7123E+00 ,    4.0318E-13 ,    4.7363E-13 ,    4.2740E-13
 8.6722E-10 ,   8.7213E-10 ,    9.7123E+00 ,    9.6849E+00 ,    4.0826E-13 ,    4.7143E-13 ,    4.3851E-13
 8.7213E-10 ,   8.7709E-10 ,    9.6849E+00 ,    9.6575E+00 ,    4.1395E-13 ,    4.8565E-13 ,    4.4894E-13
 8.7709E-10 ,   8.8209E-10 ,    9.6575E+00 ,    9.6301E+00 ,    4.2373E-13 ,    4.8777E-13 ,    4.4987E-13
 8.8209E-10 ,   8.8713E-10 ,    9.6301E+00 ,    9.6027E+00 ,    4.3059E-13 ,    5.1960E-13 ,    4.6194E-13
 8.8713E-10 ,   8.9221E-10 ,    9.6027E+00 ,    9.5753E+00 ,    4.3907E-13 ,    5.1349E-13 ,    4.7449E-13
 8.9221E-10 ,   8.9734E-10 ,    9.5753E+00 ,    9.5479E+00 ,    4.4318E-13 ,    5.1695E-13 ,    4.8751E-13
 8.9734E-10 ,   9.0251E-10 ,    9.5479E+00 ,    9.5205E+00 ,    4.4819E-13 ,    5.2375E-13 ,    4.7833E-13
 9.0251E-10 ,   9.0773E-10 ,    9.5205E+00 ,    9.4932E+00 ,    4.5758E-13 ,    5.4738E-13 ,    4.9710E-13
 9.0773E-10 ,   9.1299E-10 ,    9.4932E+00 ,    9.4658E+00 ,    4.6649E-13 ,    5.2691E-13 ,    5.1221E-13
 9.1299E-10 ,   9.1830E-10 ,    9.4658E+00 ,    9.4384E+00 ,    4.7624E-13 ,    5.4470E-13 ,    5.1014E-13
 9.1830E-10 ,   9.2365E-10 ,    9.4384E+00 ,    9.4110E+00 ,    4.8361E-13 ,    5.6378E-13 ,    5.2271E-13
 9.2365E-10 ,   9.2905E-10 ,    9.4110E+00 ,    9.3836E+00 ,    4.9129E-13 ,    5.8359E-13 ,    5.2942E-13
 9.2905E-10 ,   9.3450E-10 ,    9.3836E+00 ,    9.3562E+00 ,    5.0189E-13 ,    5.8223E-13 ,    5.3661E-13
 9.3450E-10 ,   9.4000E-10 ,    9.3562E+00 ,    9.3288E+00 ,    5.1451E-13 ,    5.7946E-13 ,    5.5137E-13
 9.4000E-10 ,   9.4554E-10 ,    9.3288E+00 ,    9.3014E+00 ,    5.1521E-13 ,    6.1348E-13 ,    5.6283E-13
 9.4554E-10 ,   9.5114E-10 ,    9.3014E+00 ,    9.2740E+00 ,    5.3480E-13 ,    6.1250E-13 ,    5.8759E-13
 9.5114E-10 ,   9.5678E-10 ,    9.2740E+00 ,    9.2466E+00 ,    5.4595E-13 ,    6.2887E-13 ,    5.7865E-13
 9.5678E-10 ,   9.6248E-10 ,    9.2466E+00 ,    9.2192E+00 ,    5.4353E-13 ,    6.3782E-13 ,    5.8330E-13
 9.6248E-10 ,   9.6822E-10 ,    9.2192E+00 ,    9.1918E+00 ,    5.6052E-13 ,    6.4609E-13 ,    5.9651E-13
 9.6822E-10 ,   9.7402E-10 ,    9.1918E+00 ,    9.1644E+00 ,    5.6798E-13 ,    6.6992E-13 ,    6.1513E-13
 9.7402E-10 ,   9.7987E-10 ,    9.1644E+00 ,    9.1370E+00 ,    5.7820E-13 ,    6.8343E-13 ,    6.3418E-13
 9.7987E-10 ,   9.8578E-10 ,    9.1370E+00 ,    9.1096E+00 ,    5.9049E-13 ,    6.9671E-13 ,    6.3765E-13
 9.8578E-10 ,   9.9173E-10 ,    9.1096E+00 ,    9.0822E+00 ,    5.9646E-13 ,    6.8640E-13 ,    6.6014E-13
 9.9173E-10 ,   9.9774E-10 ,    9.0822E+00 ,    9.0548E+00 ,    6.1187E-13 ,    7.0584E-13 ,    6.6145E-13
 9.9774E-10 ,   1.0038E-09 ,    9.0548E+00 ,    9.0274E+00 ,    6.2318E-13 ,    7.2189E-13 ,    6.6255E-13
 1.0038E-09 ,   1.0099E-09 ,    9.0274E+00 ,    9.0000E+00 ,    6.3706E-13 ,    7.2306E-13 ,    6.8444E-13
 1.0099E-09 ,   1.0161E-09 ,    9.0000E+00 ,    8.9726E+00 ,    6.4714E-13 ,    7.4442E-13 ,    7.1304E-13
 1.0161E-09 ,   1.0223E-09 ,    8.9726E+00 ,    8.9452E+00 ,    6.4621E-13 ,    7.4856E-13 ,    7.1398E-13
 1.0223E-09 ,   1.0286E-09 ,    8.9452E+00 ,    8.9178E+00 ,    6.6788E-13 ,    7.7762E-13 ,    7.1643E-13
 1.0286E-09 ,   1.0350E-09 ,    8.9178E+00 ,    8.8904E+00 ,    6.7851E-13 ,    7.8607E-13 ,    7.3015E-13
 1.0350E-09 ,   1.0414E-09 ,    8.8904E+00 ,    8.8630E+00 ,    6.9357E-13 ,    8.0441E-13 ,    7.5754E-13
 1.0414E-09 ,   1.0479E-09 ,    8.8630E+00 ,    8.8356E+00 ,    7.0781E-13 ,    8.0731E-13 ,    7.6879E-13
 1.0479E-09 ,   1.0544E-09 ,    8.8356E+00 ,    8.8082E+00 ,    7.1416E-13 ,    8.3651E-13 ,    7.6415E-13
 1.0544E-09 ,   1.0610E-09 ,    8.8082E+00 ,    8.7808E+00 ,    7.2642E-13 ,    8.4858E-13 ,    7.9476E-13
 1.0610E-09 ,   1.0676E-09 ,    8.7808E+00 ,    8.7534E+00 ,    7.4118E-13 ,    8.5953E-13 ,    8.1002E-13
 1.0676E-09 ,   1.0743E-09 ,    8.7534E+00 ,    8.7260E+00 ,    7.5561E-13 ,    8.6722E-13 ,    8.2768E-13
 1.0743E-09 ,   1.0811E-09 ,    8.7260E+00 ,    8.6986E+00 ,    7.7199E-13 ,    8.6856E-13 ,    8.4827E-13
 1.0811E-09 ,   1.0880E-09 ,    8.6986E+00 ,    8.6712E+00 ,    7.7716E-13 ,    9.1265E-13 ,    8.6759E-13
 1.0880E-09 ,   1.0949E-09 ,    8.6712E+00 ,    8.6438E+00 ,    7.9704E-13 ,    9.2599E-13 ,    8.5598E-13
 1.0949E-09 ,   1.1018E-09 ,    8.6438E+00 ,    8.6165E+00 ,    8.0577E-13 ,    9.5288E-13 ,    8.9180E-13
 1.1018E-09 ,   1.1089E-09 ,    8.6165E+00 ,    8.5891E+00 ,    8.2063E-13 ,    9.6156E-13 ,    8.9180E-13
 1.1089E-09 ,   1.1160E-09 ,    8.5891E+00 ,    8.5617E+00 ,    8.3803E-13 ,    9.8791E-13 ,    9.1869E-13
 1.1160E-09 ,   1.1232E-09 ,    8.5617E+00 ,    8.5342E+00 ,    8.5135E-13 ,    9.7474E-13 ,    9.3121E-13
 1.1232E-09 ,   1.1304E-09 ,    8.5342E+00 ,    8.5068E+00 ,    8.6263E-13 ,    9.9584E-13 ,    9.4148E-13
 1.1304E-09 ,   1.1377E-09 ,    8.5068E+00 ,    8.4795E+00 ,    8.8378E-13 ,    1.0292E-12 ,    9.7527E-13
 1.1377E-09 ,   1.1451E-09 ,    8.4795E+00 ,    8.4521E+00 ,    8.9876E-13 ,    1.0205E-12 ,    9.8175E-13
 1.1451E-09 ,   1.1526E-09 ,    8.4521E+00 ,    8.4247E+00 ,    9.1248E-13 ,    1.0567E-12 ,    9.8527E-13
 1.1526E-09 ,   1.1601E-09 ,    8.4247E+00 ,    8.3973E+00 ,    9.3456E-13 ,    1.0716E-12 ,    1.0211E-12
 1.1601E-09 ,   1.1677E-09 ,    8.3973E+00 ,    8.3699E+00 ,    9.5193E-13 ,    1.0891E-12 ,    1.0421E-12
 1.1677E-09 ,   1.1754E-09 ,    8.3699E+00 ,    8.3425E+00 ,    9.5719E-13 ,    1.1116E-12 ,    1.0754E-12
 1.1754E-09 ,   1.1832E-09 ,    8.3425E+00 ,    8.3151E+00 ,    9.7980E-13 ,    1.1649E-12 ,    1.0975E-12
 1.1832E-09 ,   1.1910E-09 ,    8.3151E+00 ,    8.2877E+00 ,    9.9842E-13 ,    1.1691E-12 ,    1.0879E-12
 1.1910E-09 ,   1.1989E-09 ,    8.2877E+00 ,    8.2603E+00 ,    1.0135E-12 ,    1.1856E-12 ,    1.0965E-12
 1.1989E-09 ,   1.2069E-09 ,    8.2603E+00 ,    8.2329E+00 ,    1.0435E-12 ,    1.1996E-12 ,    1.1227E-12
 1.2069E-09 ,   1.2150E-09 ,    8.2329E+00 ,    8.2055E+00 ,    1.0614E-12 ,    1.2265E-12 ,    1.1511E-12
 1.2150E-09 ,   1.2231E-09 ,    8.2055E+00 ,    8.1781E+00 ,    1.0887E-12 ,    1.2619E-12 ,    1.1888E-12
 1.2231E-09 ,   1.2314E-09 ,    8.1781E+00 ,    8.1507E+00 ,    1.0981E-12 ,    1.2412E-12 ,    1.2065E-12
 1.2314E-09 ,   1.2397E-09 ,    8.1507E+00 ,    8.1233E+00 ,    1.1224E-12 ,    1.2938E-12 ,    1.2196E-12
 1.2397E-09 ,   1.2481E-09 ,    8.1233E+00 ,    8.0959E+00 ,    1.1317E-12 ,    1.3107E-12 ,    1.2371E-12
 1.2481E-09 ,   1.2566E-09 ,    8.0959E+00 ,    8.0685E+00 ,    1.1551E-12 ,    1.3312E-12 ,    1.2571E-12
 1.2566E-09 ,   1.2652E-09 ,    8.0685E+00 ,    8.0411E+00 ,    1.1689E-12 ,    1.3301E-12 ,    1.2805E-12
 1.2652E-09 ,   1.2738E-09 ,    8.0411E+00 ,    8.0137E+00 ,    1.1931E-12 ,    1.3824E-12 ,    1.3045E-12
 1.2738E-09 ,   1.2826E-09 ,    8.0137E+00 ,    7.9863E+00 ,    1.2144E-12 ,    1.4004E-12 ,    1.3283E-12
 1.2826E-09 ,   1.2914E-09 ,    7.9863E+00 ,    7.9589E+00 ,    1.2293E-12 ,    1.3878E-12 ,    1.3664E-12
 1.2914E-09 ,   1.3004E-09 ,    7.9589E+00 ,    7.9315E+00 ,    1.2583E-12 ,    1.4448E-12 ,    1.3741E-12
 1.3004E-09 ,   1.3094E-09 ,    7.9315E+00 ,    7.9041E+00 ,    1.2690E-12 ,    1.4554E-12 ,    1.4016E-12
 1.3094E-09 ,   1.3185E-09 ,    7.9041E+00 ,    7.8767E+00 ,    1.2869E-12 ,    1.5067E-12 ,    1.4074E-12
 1.3185E-09 ,   1.3277E-09 ,    7.8767E+00 ,    7.8493E+00 ,    1.3155E-12 ,    1.5401E-12 ,    1.4251E-12
 1.3277E-09 ,   1.3371E-09 ,    7.8493E+00 ,    7.8219E+00 ,    1.3288E-12 ,    1.5039E-12 ,    1.4592E-12
 1.3371E-09 ,   1.3465E-09 ,    7.8219E+00 ,    7.7945E+00 ,    1.3470E-12 ,    1.5838E-12 ,    1.4765E-12
 1.3465E-09 ,   1.3560E-09 ,    7.7945E+00 ,    7.7671E+00 ,    1.3765E-12 ,    1.6084E-12 ,    1.4805E-12
 1.3560E-09 ,   1.3656E-09 ,    7.7671E+00 ,    7.7397E+00 ,    1.4011E-12 ,    1.6121E-12 ,    1.5312E-12
 1.3656E-09 ,   1.3753E-09 ,    7.7397E+00 ,    7.7123E+00 ,    1.4237E-12 ,    1.6444E-12 ,    1.5731E-12
 1.3753E-09 ,   1.3851E-09 ,    7.7123E+00 ,    7.6849E+00 ,    1.4430E-12 ,    1.6693E-12 ,    1.5255E-12
 1.3851E-09 ,   1.3951E-09 ,    7.6849E+00 ,    7.6575E+00 ,    1.4653E-12 ,    1.6693E-12 ,    1.5629E-12
 1.3951E-09 ,   1.4051E-09 ,    7.6575E+00 ,    7.6301E+00 ,    1.4900E-12 ,    1.7102E-12 ,    1.6222E-12
 1.4051E-09 ,   1.4153E-09 ,    7.6301E+00 ,    7.6027E+00 ,    1.5070E-12 ,    1.7538E-12 ,    1.6167E-12
 1.4153E-09 ,   1.4255E-09 ,    7.6027E+00 ,    7.5754E+00 ,    1.5376E-12 ,    1.7899E-12 ,    1.6769E-12
 1.4255E-09 ,   1.4359E-09 ,    7.5754E+00 ,    7.5479E+00 ,    1.5547E-12 ,    1.8081E-12 ,    1.7098E-12
 1.4359E-09 ,   1.4464E-09 ,    7.5479E+00 ,    7.5206E+00 ,    1.5872E-12 ,    1.8302E-12 ,    1.7468E-12
 1.4464E-09 ,   1.4570E-09 ,    7.5206E+00 ,    7.4931E+00 ,    1.6183E-12 ,    1.8524E-12 ,    1.8032E-12
 1.4570E-09 ,   1.4677E-09 ,    7.4931E+00 ,    7.4658E+00 ,    1.6461E-12 ,    1.9116E-12 ,    1.7947E-12
 1.4677E-09 ,   1.4785E-09 ,    7.4658E+00 ,    7.4384E+00 ,    1.6674E-12 ,    1.9096E-12 ,    1.8233E-12
 1.4785E-09 ,   1.4895E-09 ,    7.4384E+00 ,    7.4110E+00 ,    1.7092E-12 ,    1.9748E-12 ,    1.8641E-12
 1.4895E-09 ,   1.5005E-09 ,    7.4110E+00 ,    7.3836E+00 ,    1.7247E-12 ,    1.9972E-12 ,    1.9098E-12
 1.5005E-09 ,   1.5117E-09 ,    7.3836E+00 ,    7.3562E+00 ,    1.7507E-12 ,    2.0424E-12 ,    1.9349E-12
 1.5117E-09 ,   1.5231E-09 ,    7.3562E+00 ,    7.3288E+00 ,    1.7825E-12 ,    2.0672E-12 ,    1.9181E-12
 1.5231E-09 ,   1.5345E-09 ,    7.3288E+00 ,    7.3014E+00 ,    1.7983E-12 ,    2.0608E-12 ,    1.9773E-12
 1.5345E-09 ,   1.5461E-09 ,    7.3014E+00 ,    7.2740E+00 ,    1.8270E-12 ,    2.1355E-12 ,    1.9985E-12
 1.5461E-09 ,   1.5578E-09 ,    7.2740E+00 ,    7.2466E+00 ,    1.8661E-12 ,    2.1958E-12 ,    2.0266E-12
 1.5578E-09 ,   1.5696E-09 ,    7.2466E+00 ,    7.2192E+00 ,    1.8886E-12 ,    2.1958E-12 ,    2.0410E-12
 1.5696E-09 ,   1.5816E-09 ,    7.2192E+00 ,    7.1918E+00 ,    1.9260E-12 ,    2.2019E-12 ,    2.0695E-12
 1.5816E-09 ,   1.5937E-09 ,    7.1918E+00 ,    7.1644E+00 ,    1.9482E-12 ,    2.2272E-12 ,    2.1303E-12
 1.5937E-09 ,   1.6060E-09 ,    7.1644E+00 ,    7.1370E+00 ,    1.9841E-12 ,    2.2706E-12 ,    2.1881E-12
 1.6060E-09 ,   1.6184E-09 ,    7.1370E+00 ,    7.1096E+00 ,    2.0121E-12 ,    2.3188E-12 ,    2.2151E-12
 1.6184E-09 ,   1.6310E-09 ,    7.1096E+00 ,    7.0822E+00 ,    2.0392E-12 ,    2.3523E-12 ,    2.2008E-12
 1.6310E-09 ,   1.6436E-09 ,    7.0822E+00 ,    7.0548E+00 ,    2.0743E-12 ,    2.3669E-12 ,    2.2784E-12
 1.6436E-09 ,   1.6565E-09 ,    7.0548E+00 ,    7.0274E+00 ,    2.0861E-12 ,    2.4259E-12 ,    2.3102E-12
 1.6565E-09 ,   1.6695E-09 ,    7.0274E+00 ,    7.0000E+00 ,    2.1178E-12 ,    2.4607E-12 ,    2.3092E-12
 1.6695E-09 ,   1.6826E-09 ,    7.0000E+00 ,    6.9726E+00 ,    2.1506E-12 ,    2.5005E-12 ,    2.3335E-12
 1.6826E-09 ,   1.6959E-09 ,    6.9726E+00 ,    6.9452E+00 ,    2.1805E-12 ,    2.5155E-12 ,    2.3835E-12
 1.6959E-09 ,   1.7094E-09 ,    6.9452E+00 ,    6.9178E+00 ,    2.2105E-12 ,    2.5510E-12 ,    2.4062E-12
 1.7094E-09 ,   1.7230E-09 ,    6.9178E+00 ,    6.8904E+00 ,    2.2454E-12 ,    2.5901E-12 ,    2.4415E-12
 1.7230E-09 ,   1.7368E-09 ,    6.8904E+00 ,    6.8630E+00 ,    2.2688E-12 ,    2.6046E-12 ,    2.4747E-12
 1.7368E-09 ,   1.7507E-09 ,    6.8630E+00 ,    6.8356E+00 ,    2.3049E-12 ,    2.6664E-12 ,    2.5195E-12
 1.7507E-09 ,   1.7648E-09 ,    6.8356E+00 ,    6.8082E+00 ,    2.3371E-12 ,    2.7449E-12 ,    2.5588E-12
 1.7648E-09 ,   1.7791E-09 ,    6.8082E+00 ,    6.7808E+00 ,    2.3922E-12 ,    2.7363E-12 ,    2.5975E-12
 1.7791E-09 ,   1.7936E-09 ,    6.7808E+00 ,    6.7534E+00 ,    2.4083E-12 ,    2.7738E-12 ,    2.6610E-12
 1.7936E-09 ,   1.8083E-09 ,    6.7534E+00 ,    6.7260E+00 ,    2.4399E-12 ,    2.8860E-12 ,    2.6908E-12
 1.8083E-09 ,   1.8231E-09 ,    6.7260E+00 ,    6.6986E+00 ,    2.4813E-12 ,    2.8549E-12 ,    2.7073E-12
 1.8231E-09 ,   1.8381E-09 ,    6.6986E+00 ,    6.6712E+00 ,    2.5302E-12 ,    2.8829E-12 ,    2.7494E-12
 1.8381E-09 ,   1.8533E-09 ,    6.6712E+00 ,    6.6438E+00 ,    2.5568E-12 ,    2.9651E-12 ,    2.8170E-12
 1.8533E-09 ,   1.8687E-09 ,    6.6438E+00 ,    6.6164E+00 ,    2.6056E-12 ,    2.9845E-12 ,    2.8662E-12
 1.8687E-09 ,   1.8842E-09 ,    6.6164E+00 ,    6.5890E+00 ,    2.6308E-12 ,    3.0681E-12 ,    2.9040E-12
 1.8842E-09 ,   1.9000E-09 ,    6.5890E+00 ,    6.5616E+00 ,    2.6633E-12 ,    3.1142E-12 ,    2.9336E-12
 1.9000E-09 ,   1.9160E-09 ,    6.5616E+00 ,    6.5343E+00 ,    2.7126E-12 ,    3.1312E-12 ,    2.9859E-12
 1.9160E-09 ,   1.9321E-09 ,    6.5343E+00 ,    6.5069E+00 ,    2.7508E-12 ,    3.1836E-12 ,    3.0348E-12
 1.9321E-09 ,   1.9485E-09 ,    6.5069E+00 ,    6.4795E+00 ,    2.8020E-12 ,    3.2005E-12 ,    3.0487E-12
 1.9485E-09 ,   1.9651E-09 ,    6.4795E+00 ,    6.4521E+00 ,    2.8274E-12 ,    3.2747E-12 ,    3.1188E-12
 1.9651E-09 ,   1.9819E-09 ,    6.4521E+00 ,    6.4247E+00 ,    2.8580E-12 ,    3.3437E-12 ,    3.1532E-12
 1.9819E-09 ,   1.9989E-09 ,    6.4247E+00 ,    6.3973E+00 ,    2.9069E-12 ,    3.3717E-12 ,    3.1495E-12
 1.9989E-09 ,   2.0161E-09 ,    6.3973E+00 ,    6.3699E+00 ,    2.9421E-12 ,    3.4560E-12 ,    3.2178E-12
 2.0161E-09 ,   2.0336E-09 ,    6.3699E+00 ,    6.3425E+00 ,    2.9870E-12 ,    3.4429E-12 ,    3.2970E-12
 2.0336E-09 ,   2.0512E-09 ,    6.3425E+00 ,    6.3151E+00 ,    3.0329E-12 ,    3.4987E-12 ,    3.3788E-12
 2.0512E-09 ,   2.0692E-09 ,    6.3151E+00 ,    6.2877E+00 ,    3.0820E-12 ,    3.5943E-12 ,    3.4096E-12
 2.0692E-09 ,   2.0873E-09 ,    6.2877E+00 ,    6.2603E+00 ,    3.1370E-12 ,    3.6428E-12 ,    3.3994E-12
 2.0873E-09 ,   2.1057E-09 ,    6.2603E+00 ,    6.2329E+00 ,    3.1846E-12 ,    3.6703E-12 ,    3.5182E-12
 2.1057E-09 ,   2.1243E-09 ,    6.2329E+00 ,    6.2055E+00 ,    3.2480E-12 ,    3.7775E-12 ,    3.5521E-12
 2.1243E-09 ,   2.1432E-09 ,    6.2055E+00 ,    6.1781E+00 ,    3.2833E-12 ,    3.8103E-12 ,    3.6476E-12
 2.1432E-09 ,   2.1624E-09 ,    6.1781E+00 ,    6.1507E+00 ,    3.3377E-12 ,    3.8613E-12 ,    3.6638E-12
 2.1624E-09 ,   2.1818E-09 ,    6.1507E+00 ,    6.1233E+00 ,    3.4100E-12 ,    3.9373E-12 ,    3.7390E-12
 2.1818E-09 ,   2.2014E-09 ,    6.1233E+00 ,    6.0959E+00 ,    3.4302E-12 ,    3.9767E-12 ,    3.8094E-12
 2.2014E-09 ,   2.2213E-09 ,    6.0959E+00 ,    6.0685E+00 ,    3.4905E-12 ,    4.0530E-12 ,    3.8145E-12
 2.2213E-09 ,   2.2415E-09 ,    6.0685E+00 ,    6.0411E+00 ,    3.5521E-12 ,    4.1176E-12 ,    3.9140E-12
 2.2415E-09 ,   2.2620E-09 ,    6.0411E+00 ,    6.0137E+00 ,    3.6058E-12 ,    4.1804E-12 ,    3.9365E-12
 2.2620E-09 ,   2.2827E-09 ,    6.0137E+00 ,    5.9863E+00 ,    3.6566E-12 ,    4.2366E-12 ,    3.9963E-12
 2.2827E-09 ,   2.3038E-09 ,    5.9863E+00 ,    5.9589E+00 ,    3.7107E-12 ,    4.3196E-12 ,    4.0554E-12
 2.3038E-09 ,   2.3251E-09 ,    5.9589E+00 ,    5.9315E+00 ,    3.7820E-12 ,    4.4363E-12 ,    4.1976E-12
 2.3251E-09 ,   2.3467E-09 ,    5.9315E+00 ,    5.9041E+00 ,    3.8489E-12 ,    4.4700E-12 ,    4.2581E-12
 2.3467E-09 ,   2.3687E-09 ,    5.9041E+00 ,    5.8767E+00 ,    3.9188E-12 ,    4.5363E-12 ,    4.3001E-12
 2.3687E-09 ,   2.3909E-09 ,    5.8767E+00 ,    5.8493E+00 ,    3.9924E-12 ,    4.6076E-12 ,    4.3980E-12
 2.3909E-09 ,   2.4135E-09 ,    5.8493E+00 ,    5.8219E+00 ,    4.0501E-12 ,    4.7137E-12 ,    4.4775E-12
 2.4135E-09 ,   2.4364E-09 ,    5.8219E+00 ,    5.7945E+00 ,    4.1328E-12 ,    4.7913E-12 ,    4.5352E-12
 2.4364E-09 ,   2.4596E-09 ,    5.7945E+00 ,    5.7671E+00 ,    4.1993E-12 ,    4.8273E-12 ,    4.6153E-12
 2.4596E-09 ,   2.4831E-09 ,    5.7671E+00 ,    5.7397E+00 ,    4.2507E-12 ,    4.9296E-12 ,    4.6652E-12
 2.4831E-09 ,   2.5070E-09 ,    5.7397E+00 ,    5.7123E+00 ,    4.3242E-12 ,    5.0261E-12 ,    4.8054E-12
 2.5070E-09 ,   2.5312E-09 ,    5.7123E+00 ,    5.6849E+00 ,    4.4070E-12 ,    5.1155E-12 ,    4.8224E-12
 2.5312E-09 ,   2.5558E-09 ,    5.6849E+00 ,    5.6575E+00 ,    4.4682E-12 ,    5.2027E-12 ,    4.9426E-12
 2.5558E-09 ,   2.5807E-09 ,    5.6575E+00 ,    5.6301E+00 ,    4.5239E-12 ,    5.2180E-12 ,    4.9770E-12
 2.5807E-09 ,   2.6060E-09 ,    5.6301E+00 ,    5.6027E+00 ,    4.5993E-12 ,    5.3010E-12 ,    5.0647E-12
 2.6060E-09 ,   2.6317E-09 ,    5.6027E+00 ,    5.5753E+00 ,    4.6693E-12 ,    5.4321E-12 ,    5.1486E-12
 2.6317E-09 ,   2.6577E-09 ,    5.5753E+00 ,    5.5479E+00 ,    4.7690E-12 ,    5.4808E-12 ,    5.3102E-12
 2.6577E-09 ,   2.6842E-09 ,    5.5479E+00 ,    5.5205E+00 ,    4.8815E-12 ,    5.6459E-12 ,    5.4306E-12
 2.6842E-09 ,   2.7110E-09 ,    5.5205E+00 ,    5.4932E+00 ,    4.9585E-12 ,    5.7402E-12 ,    5.5438E-12
 2.7110E-09 ,   2.7383E-09 ,    5.4932E+00 ,    5.4657E+00 ,    5.0396E-12 ,    5.8443E-12 ,    5.5783E-12
 2.7383E-09 ,   2.7659E-09 ,    5.4657E+00 ,    5.4384E+00 ,    5.1341E-12 ,    5.9984E-12 ,    5.7193E-12
 2.7659E-09 ,   2.7940E-09 ,    5.4384E+00 ,    5.4110E+00 ,    5.2454E-12 ,    6.1113E-12 ,    5.8142E-12
 2.7940E-09 ,   2.8225E-09 ,    5.4110E+00 ,    5.3836E+00 ,    5.3335E-12 ,    6.1599E-12 ,    5.9158E-12
 2.8225E-09 ,   2.8515E-09 ,    5.3836E+00 ,    5.3562E+00 ,    5.4275E-12 ,    6.2367E-12 ,    6.0167E-12
 2.8515E-09 ,   2.8809E-09 ,    5.3562E+00 ,    5.3288E+00 ,    5.5063E-12 ,    6.3608E-12 ,    6.1426E-12
 2.8809E-09 ,   2.9107E-09 ,    5.3288E+00 ,    5.3014E+00 ,    5.5840E-12 ,    6.4858E-12 ,    6.2124E-12
 2.9107E-09 ,   2.9410E-09 ,    5.3014E+00 ,    5.2740E+00 ,    5.7047E-12 ,    6.5818E-12 ,    6.3075E-12
 2.9410E-09 ,   2.9718E-09 ,    5.2740E+00 ,    5.2466E+00 ,    5.7876E-12 ,    6.7127E-12 ,    6.4561E-12
 2.9718E-09 ,   3.0031E-09 ,    5.2466E+00 ,    5.2192E+00 ,    5.8958E-12 ,    6.7855E-12 ,    6.6149E-12
 3.0031E-09 ,   3.0349E-09 ,    5.2192E+00 ,    5.1918E+00 ,    6.0042E-12 ,    6.9302E-12 ,    6.7314E-12
 3.0349E-09 ,   3.0672E-09 ,    5.1918E+00 ,    5.1644E+00 ,    6.1142E-12 ,    7.0799E-12 ,    6.8621E-12
 3.0672E-09 ,   3.1000E-09 ,    5.1644E+00 ,    5.1370E+00 ,    6.2495E-12 ,    7.1720E-12 ,    6.9414E-12
 3.1000E-09 ,   3.1333E-09 ,    5.1370E+00 ,    5.1096E+00 ,    5.9092E-12 ,    6.8425E-12 ,    6.6652E-12
 3.1333E-09 ,   3.1672E-09 ,    5.1096E+00 ,    5.0822E+00 ,    5.9620E-12 ,    6.8359E-12 ,    6.6108E-12
 3.1672E-09 ,   3.2016E-09 ,    5.0822E+00 ,    5.0548E+00 ,    6.0813E-12 ,    7.0177E-12 ,    6.8060E-12
 3.2016E-09 ,   3.2366E-09 ,    5.0548E+00 ,    5.0274E+00 ,    6.1800E-12 ,    7.1492E-12 ,    6.9680E-12
 3.2366E-09 ,   3.2722E-09 ,    5.0274E+00 ,    5.0000E+00 ,    6.3016E-12 ,    7.3265E-12 ,    7.1602E-12
 3.2722E-09 ,   3.3083E-09 ,    5.0000E+00 ,    4.9726E+00 ,    6.4521E-12 ,    7.4632E-12 ,    7.2305E-12
 3.3083E-09 ,   3.3451E-09 ,    4.9726E+00 ,    4.9452E+00 ,    6.5718E-12 ,    7.6331E-12 ,    7.4616E-12
 3.3451E-09 ,   3.3825E-09 ,    4.9452E+00 ,    4.9178E+00 ,    6.6921E-12 ,    7.7508E-12 ,    7.5597E-12
 3.3825E-09 ,   3.4205E-09 ,    4.9178E+00 ,    4.8904E+00 ,    6.8088E-12 ,    7.7965E-12 ,    7.6985E-12
 3.4205E-09 ,   3.4591E-09 ,    4.8904E+00 ,    4.8630E+00 ,    6.9416E-12 ,    8.0610E-12 ,    7.8978E-12
 3.4591E-09 ,   3.4984E-09 ,    4.8630E+00 ,    4.8356E+00 ,    7.0621E-12 ,    8.1771E-12 ,    7.9615E-12
 3.4984E-09 ,   3.5384E-09 ,    4.8356E+00 ,    4.8082E+00 ,    7.1747E-12 ,    8.2418E-12 ,    8.1979E-12
 3.5384E-09 ,   3.5791E-09 ,    4.8082E+00 ,    4.7808E+00 ,    7.3542E-12 ,    8.4899E-12 ,    8.3240E-12
 3.5791E-09 ,   3.6204E-09 ,    4.7808E+00 ,    4.7534E+00 ,    7.4920E-12 ,    8.5693E-12 ,    8.4625E-12
 3.6204E-09 ,   3.6625E-09 ,    4.7534E+00 ,    4.7260E+00 ,    7.6113E-12 ,    8.8712E-12 ,    8.6776E-12
 3.6625E-09 ,   3.7054E-09 ,    4.7260E+00 ,    4.6986E+00 ,    7.7905E-12 ,    8.9798E-12 ,    8.8577E-12
 3.7054E-09 ,   3.7490E-09 ,    4.6986E+00 ,    4.6712E+00 ,    7.9345E-12 ,    9.2386E-12 ,    9.0524E-12
 3.7490E-09 ,   3.7933E-09 ,    4.6712E+00 ,    4.6438E+00 ,    7.9319E-12 ,    9.1260E-12 ,    8.6308E-12
 3.7933E-09 ,   3.8385E-09 ,    4.6438E+00 ,    4.6164E+00 ,    8.0738E-12 ,    9.4019E-12 ,    8.6115E-12
 3.8385E-09 ,   3.8845E-09 ,    4.6164E+00 ,    4.5890E+00 ,    8.2047E-12 ,    9.4327E-12 ,    8.7382E-12
 3.8845E-09 ,   3.9313E-09 ,    4.5890E+00 ,    4.5616E+00 ,    8.3274E-12 ,    9.6824E-12 ,    8.9038E-12
 3.9313E-09 ,   3.9789E-09 ,    4.5616E+00 ,    4.5342E+00 ,    8.5130E-12 ,    9.8957E-12 ,    9.1611E-12
 3.9789E-09 ,   4.0274E-09 ,    4.5342E+00 ,    4.5068E+00 ,    8.6425E-12 ,    9.9756E-12 ,    9.2969E-12
 4.0274E-09 ,   4.0769E-09 ,    4.5068E+00 ,    4.4795E+00 ,    8.8151E-12 ,    1.0179E-11 ,    9.3834E-12
 4.0769E-09 ,   4.1272E-09 ,    4.4795E+00 ,    4.4521E+00 ,    8.9864E-12 ,    1.0287E-11 ,    9.6855E-12
 4.1272E-09 ,   4.1785E-09 ,    4.4521E+00 ,    4.4247E+00 ,    9.2032E-12 ,    1.0645E-11 ,    9.9017E-12
 4.1785E-09 ,   4.2307E-09 ,    4.4247E+00 ,    4.3973E+00 ,    9.3108E-12 ,    1.0726E-11 ,    1.0135E-11
 4.2307E-09 ,   4.2839E-09 ,    4.3973E+00 ,    4.3699E+00 ,    9.4764E-12 ,    1.1008E-11 ,    1.0265E-11
 4.2839E-09 ,   4.3381E-09 ,    4.3699E+00 ,    4.3425E+00 ,    9.6772E-12 ,    1.1128E-11 ,    1.0439E-11
 4.3381E-09 ,   4.3934E-09 ,    4.3425E+00 ,    4.3151E+00 ,    9.8141E-12 ,    1.1367E-11 ,    1.0724E-11
 4.3934E-09 ,   4.4497E-09 ,    4.3151E+00 ,    4.2877E+00 ,    9.9455E-12 ,    1.1568E-11 ,    1.0824E-11
 4.4497E-09 ,   4.5071E-09 ,    4.2877E+00 ,    4.2603E+00 ,    1.0124E-11 ,    1.1703E-11 ,    1.1127E-11
 4.5071E-09 ,   4.5657E-09 ,    4.2603E+00 ,    4.2329E+00 ,    1.0293E-11 ,    1.2027E-11 ,    1.1315E-11
 4.5657E-09 ,   4.6253E-09 ,    4.2329E+00 ,    4.2055E+00 ,    1.0463E-11 ,    1.2095E-11 ,    1.1603E-11
 4.6253E-09 ,   4.6862E-09 ,    4.2055E+00 ,    4.1781E+00 ,    1.0667E-11 ,    1.2303E-11 ,    1.1807E-11
 4.6862E-09 ,   4.7483E-09 ,    4.1781E+00 ,    4.1507E+00 ,    1.0805E-11 ,    1.2432E-11 ,    1.2042E-11
 4.7483E-09 ,   4.8116E-09 ,    4.1507E+00 ,    4.1233E+00 ,    1.0975E-11 ,    1.2733E-11 ,    1.2194E-11
 4.8116E-09 ,   4.8762E-09 ,    4.1233E+00 ,    4.0959E+00 ,    1.1160E-11 ,    1.2885E-11 ,    1.2410E-11
 4.8762E-09 ,   4.9421E-09 ,    4.0959E+00 ,    4.0685E+00 ,    1.1347E-11 ,    1.3061E-11 ,    1.2632E-11
 4.9421E-09 ,   5.0093E-09 ,    4.0685E+00 ,    4.0411E+00 ,    1.1553E-11 ,    1.3281E-11 ,    1.2868E-11
 5.0093E-09 ,   5.0779E-09 ,    4.0411E+00 ,    4.0137E+00 ,    1.1537E-11 ,    1.3484E-11 ,    1.2564E-11
 5.0779E-09 ,   5.1480E-09 ,    4.0137E+00 ,    3.9863E+00 ,    1.1670E-11 ,    1.3618E-11 ,    1.2682E-11
 5.1480E-09 ,   5.2195E-09 ,    3.9863E+00 ,    3.9589E+00 ,    1.1879E-11 ,    1.3676E-11 ,    1.3014E-11
 5.2195E-09 ,   5.2925E-09 ,    3.9589E+00 ,    3.9315E+00 ,    1.2068E-11 ,    1.3888E-11 ,    1.3177E-11
 5.2925E-09 ,   5.3670E-09 ,    3.9315E+00 ,    3.9041E+00 ,    1.2193E-11 ,    1.4172E-11 ,    1.3374E-11
 5.3670E-09 ,   5.4431E-09 ,    3.9041E+00 ,    3.8767E+00 ,    1.2349E-11 ,    1.4256E-11 ,    1.3555E-11
 5.4431E-09 ,   5.5209E-09 ,    3.8767E+00 ,    3.8493E+00 ,    1.2502E-11 ,    1.4474E-11 ,    1.3822E-11
 5.5209E-09 ,   5.6003E-09 ,    3.8493E+00 ,    3.8219E+00 ,    1.2702E-11 ,    1.4666E-11 ,    1.4141E-11
 5.6003E-09 ,   5.6815E-09 ,    3.8219E+00 ,    3.7945E+00 ,    1.2904E-11 ,    1.4875E-11 ,    1.4382E-11
 5.6815E-09 ,   5.7644E-09 ,    3.7945E+00 ,    3.7671E+00 ,    1.2994E-11 ,    1.4933E-11 ,    1.4618E-11
 5.7644E-09 ,   5.8492E-09 ,    3.7671E+00 ,    3.7397E+00 ,    1.3209E-11 ,    1.5253E-11 ,    1.4893E-11
 5.8492E-09 ,   5.9359E-09 ,    3.7397E+00 ,    3.7123E+00 ,    1.3327E-11 ,    1.5427E-11 ,    1.5003E-11
 5.9359E-09 ,   6.0244E-09 ,    3.7123E+00 ,    3.6849E+00 ,    1.3510E-11 ,    1.5657E-11 ,    1.5296E-11
 6.0244E-09 ,   6.1150E-09 ,    3.6849E+00 ,    3.6575E+00 ,    1.3711E-11 ,    1.5794E-11 ,    1.5365E-11
 6.1150E-09 ,   6.2077E-09 ,    3.6575E+00 ,    3.6301E+00 ,    1.3789E-11 ,    1.5900E-11 ,    1.5524E-11
 6.2077E-09 ,   6.3025E-09 ,    3.6301E+00 ,    3.6027E+00 ,    1.3755E-11 ,    1.5906E-11 ,    1.5858E-11
 6.3025E-09 ,   6.3994E-09 ,    3.6027E+00 ,    3.5753E+00 ,    1.3972E-11 ,    1.6046E-11 ,    1.6026E-11
 6.3994E-09 ,   6.4986E-09 ,    3.5753E+00 ,    3.5479E+00 ,    1.4096E-11 ,    1.6175E-11 ,    1.6254E-11
 6.4986E-09 ,   6.6002E-09 ,    3.5479E+00 ,    3.5205E+00 ,    1.4314E-11 ,    1.6314E-11 ,    1.6516E-11
 6.6002E-09 ,   6.7041E-09 ,    3.5205E+00 ,    3.4932E+00 ,    1.4374E-11 ,    1.6748E-11 ,    1.6863E-11
 6.7041E-09 ,   6.8105E-09 ,    3.4932E+00 ,    3.4658E+00 ,    1.4538E-11 ,    1.6772E-11 ,    1.6967E-11
 6.8105E-09 ,   6.9195E-09 ,    3.4658E+00 ,    3.4384E+00 ,    1.4680E-11 ,    1.6979E-11 ,    1.7119E-11
 6.9195E-09 ,   7.0311E-09 ,    3.4384E+00 ,    3.4110E+00 ,    1.4816E-11 ,    1.7062E-11 ,    1.7621E-11
 7.0311E-09 ,   7.1454E-09 ,    3.4110E+00 ,    3.3836E+00 ,    1.4958E-11 ,    1.7346E-11 ,    1.7988E-11
 7.1454E-09 ,   7.2625E-09 ,    3.3836E+00 ,    3.3562E+00 ,    1.5187E-11 ,    1.7558E-11 ,    1.7904E-11
 7.2625E-09 ,   7.3826E-09 ,    3.3562E+00 ,    3.3288E+00 ,    1.5242E-11 ,    1.7614E-11 ,    1.8249E-11
 7.3826E-09 ,   7.5056E-09 ,    3.3288E+00 ,    3.3014E+00 ,    1.5405E-11 ,    1.7779E-11 ,    1.8728E-11
 7.5056E-09 ,   7.6318E-09 ,    3.3014E+00 ,    3.2740E+00 ,    1.5586E-11 ,    1.7967E-11 ,    1.8983E-11
 7.6318E-09 ,   7.7611E-09 ,    3.2740E+00 ,    3.2466E+00 ,    1.5675E-11 ,    1.8130E-11 ,    1.9102E-11
 7.7611E-09 ,   7.8938E-09 ,    3.2466E+00 ,    3.2192E+00 ,    1.5809E-11 ,    1.8345E-11 ,    1.9440E-11
 7.8938E-09 ,   8.0299E-09 ,    3.2192E+00 ,    3.1918E+00 ,    1.5980E-11 ,    1.8411E-11 ,    1.9903E-11
 8.0299E-09 ,   8.1695E-09 ,    3.1918E+00 ,    3.1644E+00 ,    1.6125E-11 ,    1.8681E-11 ,    1.9883E-11
 8.1695E-09 ,   8.3129E-09 ,    3.1644E+00 ,    3.1370E+00 ,    1.6248E-11 ,    1.8658E-11 ,    2.0479E-11
 8.3129E-09 ,   8.4600E-09 ,    3.1370E+00 ,    3.1096E+00 ,    1.6406E-11 ,    1.8870E-11 ,    2.0725E-11
 8.4600E-09 ,   8.6111E-09 ,    3.1096E+00 ,    3.0822E+00 ,    1.6469E-11 ,    1.9060E-11 ,    2.1038E-11
 8.6111E-09 ,   8.7662E-09 ,    3.0822E+00 ,    3.0548E+00 ,    1.6589E-11 ,    1.9189E-11 ,    2.1150E-11
 8.7662E-09 ,   8.9256E-09 ,    3.0548E+00 ,    3.0274E+00 ,    1.6768E-11 ,    1.9487E-11 ,    2.1596E-11
 8.9256E-09 ,   9.0894E-09 ,    3.0274E+00 ,    3.0000E+00 ,    1.6944E-11 ,    1.9528E-11 ,    2.1933E-11
 9.0894E-09 ,   9.2577E-09 ,    3.0000E+00 ,    2.9726E+00 ,    1.6962E-11 ,    1.9677E-11 ,    2.2275E-11
 9.2577E-09 ,   9.4307E-09 ,    2.9726E+00 ,    2.9452E+00 ,    1.6937E-11 ,    1.9439E-11 ,    2.2071E-11
 9.4307E-09 ,   9.6086E-09 ,    2.9452E+00 ,    2.9178E+00 ,    1.6935E-11 ,    1.9721E-11 ,    2.2308E-11
 9.6086E-09 ,   9.7917E-09 ,    2.9178E+00 ,    2.8904E+00 ,    1.7093E-11 ,    1.9631E-11 ,    2.2659E-11
 9.7917E-09 ,   9.9800E-09 ,    2.8904E+00 ,    2.8630E+00 ,    1.7324E-11 ,    1.9911E-11 ,    2.2613E-11
 9.9800E-09 ,   1.0174E-08 ,    2.8630E+00 ,    2.8356E+00 ,    1.7427E-11 ,    2.0087E-11 ,    2.3044E-11
 1.0174E-08 ,   1.0373E-08 ,    2.8356E+00 ,    2.8082E+00 ,    1.7589E-11 ,    2.0357E-11 ,    2.2883E-11
 1.0373E-08 ,   1.0579E-08 ,    2.8082E+00 ,    2.7808E+00 ,    1.7755E-11 ,    2.0451E-11 ,    2.3321E-11
 1.0579E-08 ,   1.0790E-08 ,    2.7808E+00 ,    2.7534E+00 ,    1.8016E-11 ,    2.0655E-11 ,    2.3681E-11
 1.0790E-08 ,   1.1008E-08 ,    2.7534E+00 ,    2.7260E+00 ,    1.8049E-11 ,    2.0983E-11 ,    2.3814E-11
 1.1008E-08 ,   1.1233E-08 ,    2.7260E+00 ,    2.6986E+00 ,    1.8339E-11 ,    2.0981E-11 ,    2.4144E-11
 1.1233E-08 ,   1.1464E-08 ,    2.6986E+00 ,    2.6712E+00 ,    1.8528E-11 ,    2.1587E-11 ,    2.4697E-11
 1.1464E-08 ,   1.1703E-08 ,    2.6712E+00 ,    2.6438E+00 ,    1.8712E-11 ,    2.1671E-11 ,    2.4830E-11
 1.1703E-08 ,   1.1950E-08 ,    2.6438E+00 ,    2.6164E+00 ,    1.8942E-11 ,    2.1892E-11 ,    2.4971E-11
 1.1950E-08 ,   1.2204E-08 ,    2.6164E+00 ,    2.5890E+00 ,    1.9076E-11 ,    2.2163E-11 ,    2.5679E-11
 1.2204E-08 ,   1.2466E-08 ,    2.5890E+00 ,    2.5616E+00 ,    1.9358E-11 ,    2.2405E-11 ,    2.5685E-11
 1.2466E-08 ,   1.2737E-08 ,    2.5616E+00 ,    2.5342E+00 ,    1.9438E-11 ,    2.2462E-11 ,    2.6234E-11
 1.2737E-08 ,   1.3017E-08 ,    2.5342E+00 ,    2.5068E+00 ,    1.9658E-11 ,    2.2870E-11 ,    2.6770E-11
 1.3017E-08 ,   1.3307E-08 ,    2.5068E+00 ,    2.4795E+00 ,    1.9939E-11 ,    2.3026E-11 ,    2.6626E-11
 1.3307E-08 ,   1.3606E-08 ,    2.4795E+00 ,    2.4521E+00 ,    2.0272E-11 ,    2.3185E-11 ,    2.7141E-11
 1.3606E-08 ,   1.3915E-08 ,    2.4521E+00 ,    2.4247E+00 ,    2.0390E-11 ,    2.3507E-11 ,    2.7416E-11
 1.3915E-08 ,   1.4235E-08 ,    2.4247E+00 ,    2.3973E+00 ,    2.0585E-11 ,    2.3501E-11 ,    2.7425E-11
 1.4235E-08 ,   1.4566E-08 ,    2.3973E+00 ,    2.3699E+00 ,    2.0824E-11 ,    2.4208E-11 ,    2.7886E-11
 1.4566E-08 ,   1.4908E-08 ,    2.3699E+00 ,    2.3425E+00 ,    2.1262E-11 ,    2.4673E-11 ,    2.8229E-11
 1.4908E-08 ,   1.5263E-08 ,    2.3425E+00 ,    2.3151E+00 ,    2.1394E-11 ,    2.4889E-11 ,    2.8555E-11
 1.5263E-08 ,   1.5631E-08 ,    2.3151E+00 ,    2.2877E+00 ,    2.1665E-11 ,    2.5224E-11 ,    2.8985E-11
 1.5631E-08 ,   1.6012E-08 ,    2.2877E+00 ,    2.2603E+00 ,    2.1988E-11 ,    2.5499E-11 ,    2.9121E-11
 1.6012E-08 ,   1.6408E-08 ,    2.2603E+00 ,    2.2329E+00 ,    2.2460E-11 ,    2.5760E-11 ,    2.9783E-11
 1.6408E-08 ,   1.6818E-08 ,    2.2329E+00 ,    2.2055E+00 ,    2.2707E-11 ,    2.6351E-11 ,    3.0181E-11
 1.6818E-08 ,   1.7244E-08 ,    2.2055E+00 ,    2.1781E+00 ,    2.3041E-11 ,    2.6874E-11 ,    3.1102E-11
 1.7244E-08 ,   1.7686E-08 ,    2.1781E+00 ,    2.1507E+00 ,    2.3377E-11 ,    2.6838E-11 ,    3.1513E-11
 1.7686E-08 ,   1.8145E-08 ,    2.1507E+00 ,    2.1233E+00 ,    2.3728E-11 ,    2.7677E-11 ,    3.1842E-11
 1.8145E-08 ,   1.8623E-08 ,    2.1233E+00 ,    2.0959E+00 ,    2.4163E-11 ,    2.8040E-11 ,    3.2544E-11
 1.8623E-08 ,   1.9119E-08 ,    2.0959E+00 ,    2.0685E+00 ,    2.4614E-11 ,    2.8313E-11 ,    3.3339E-11
 1.9119E-08 ,   1.9636E-08 ,    2.0685E+00 ,    2.0411E+00 ,    2.4870E-11 ,    2.8855E-11 ,    3.3824E-11
 1.9636E-08 ,   2.0174E-08 ,    2.0411E+00 ,    2.0137E+00 ,    2.5312E-11 ,    2.9193E-11 ,    3.4786E-11
 2.0174E-08 ,   2.0734E-08 ,    2.0137E+00 ,    1.9863E+00 ,    2.5776E-11 ,    2.9870E-11 ,    3.5079E-11
 2.0734E-08 ,   2.1318E-08 ,    1.9863E+00 ,    1.9589E+00 ,    2.6088E-11 ,    3.0093E-11 ,    3.5888E-11
 2.1318E-08 ,   2.1927E-08 ,    1.9589E+00 ,    1.9315E+00 ,    2.6464E-11 ,    3.0177E-11 ,    3.6304E-11
 2.1927E-08 ,   2.2563E-08 ,    1.9315E+00 ,    1.9041E+00 ,    2.6678E-11 ,    3.0750E-11 ,    3.6416E-11
 2.2563E-08 ,   2.3226E-08 ,    1.9041E+00 ,    1.8767E+00 ,    2.7109E-11 ,    3.1778E-11 ,    3.7282E-11
 2.3226E-08 ,   2.3920E-08 ,    1.8767E+00 ,    1.8493E+00 ,    2.7511E-11 ,    3.1927E-11 ,    3.8265E-11
 2.3920E-08 ,   2.4644E-08 ,    1.8493E+00 ,    1.8219E+00 ,    2.7657E-11 ,    3.2445E-11 ,    3.7929E-11
 2.4644E-08 ,   2.5403E-08 ,    1.8219E+00 ,    1.7945E+00 ,    2.7946E-11 ,    3.2248E-11 ,    3.8783E-11
 2.5403E-08 ,   2.6196E-08 ,    1.7945E+00 ,    1.7671E+00 ,    2.8271E-11 ,    3.2705E-11 ,    3.9597E-11
 2.6196E-08 ,   2.7028E-08 ,    1.7671E+00 ,    1.7397E+00 ,    2.8321E-11 ,    3.2940E-11 ,    3.9521E-11
 2.7028E-08 ,   2.7900E-08 ,    1.7397E+00 ,    1.7123E+00 ,    2.8498E-11 ,    3.3038E-11 ,    3.9771E-11
 2.7900E-08 ,   2.8814E-08 ,    1.7123E+00 ,    1.6849E+00 ,    2.8749E-11 ,    3.3301E-11 ,    4.0869E-11
 2.8814E-08 ,   2.9775E-08 ,    1.6849E+00 ,    1.6575E+00 ,    2.8834E-11 ,    3.3617E-11 ,    4.1487E-11
 2.9775E-08 ,   3.0784E-08 ,    1.6575E+00 ,    1.6301E+00 ,    2.9072E-11 ,    3.2976E-11 ,    4.1223E-11
 3.0784E-08 ,   3.1846E-08 ,    1.6301E+00 ,    1.6027E+00 ,    2.8987E-11 ,    3.3293E-11 ,    4.1214E-11
 3.1846E-08 ,   3.2963E-08 ,    1.6027E+00 ,    1.5753E+00 ,    2.8942E-11 ,    3.3641E-11 ,    4.1405E-11
 3.2963E-08 ,   3.4140E-08 ,    1.5753E+00 ,    1.5479E+00 ,    2.8745E-11 ,    3.3040E-11 ,    4.1743E-11
 3.4140E-08 ,   3.5381E-08 ,    1.5479E+00 ,    1.5205E+00 ,    2.9053E-11 ,    3.3105E-11 ,    4.1171E-11
 3.5381E-08 ,   3.6692E-08 ,    1.5205E+00 ,    1.4931E+00 ,    2.8358E-11 ,    3.2931E-11 ,    4.1450E-11
 3.6692E-08 ,   3.8076E-08 ,    1.4931E+00 ,    1.4658E+00 ,    2.7946E-11 ,    3.2315E-11 ,    4.1654E-11
 3.8076E-08 ,   3.9541E-08 ,    1.4658E+00 ,    1.4384E+00 ,    2.8139E-11 ,    3.1558E-11 ,    4.1128E-11
 3.9541E-08 ,   4.1091E-08 ,    1.4384E+00 ,    1.4110E+00 ,    2.7247E-11 ,    3.1356E-11 ,    4.0670E-11
 4.1091E-08 ,   4.2734E-08 ,    1.4110E+00 ,    1.3836E+00 ,    2.6181E-11 ,    3.0619E-11 ,    4.0132E-11
 4.2734E-08 ,   4.4479E-08 ,    1.3836E+00 ,    1.3562E+00 ,    2.5964E-11 ,    2.9794E-11 ,    3.9159E-11
 4.4479E-08 ,   4.6332E-08 ,    1.3562E+00 ,    1.3288E+00 ,    2.5507E-11 ,    2.8190E-11 ,    3.8176E-11
 4.6332E-08 ,   4.8303E-08 ,    1.3288E+00 ,    1.3014E+00 ,    2.4253E-11 ,    2.8065E-11 ,    3.7785E-11
 4.8303E-08 ,   5.0403E-08 ,    1.3014E+00 ,    1.2740E+00 ,    2.3239E-11 ,    2.6569E-11 ,    3.6720E-11
 5.0403E-08 ,   5.2643E-08 ,    1.2740E+00 ,    1.2466E+00 ,    2.2379E-11 ,    2.6083E-11 ,    3.5248E-11
 5.2643E-08 ,   5.5035E-08 ,    1.2466E+00 ,    1.2192E+00 ,    2.1331E-11 ,    2.4255E-11 ,    3.3400E-11
 5.5035E-08 ,   5.7595E-08 ,    1.2192E+00 ,    1.1918E+00 ,    2.1305E-11 ,    2.3174E-11 ,    3.2403E-11
 5.7595E-08 ,   6.0337E-08 ,    1.1918E+00 ,    1.1644E+00 ,    1.8910E-11 ,    2.1793E-11 ,    3.0749E-11
 6.0337E-08 ,   6.3280E-08 ,    1.1644E+00 ,    1.1370E+00 ,    1.7709E-11 ,    2.0254E-11 ,    2.9151E-11
 6.3280E-08 ,   6.6443E-08 ,    1.1370E+00 ,    1.1096E+00 ,    1.6463E-11 ,    1.8947E-11 ,    2.7388E-11
 6.6443E-08 ,   6.9850E-08 ,    1.1096E+00 ,    1.0822E+00 ,    1.5303E-11 ,    1.7709E-11 ,    2.5526E-11
 6.9850E-08 ,   7.3526E-08 ,    1.0822E+00 ,    1.0548E+00 ,    1.4209E-11 ,    1.6221E-11 ,    2.4228E-11
 7.3526E-08 ,   7.7499E-08 ,    1.0548E+00 ,    1.0274E+00 ,    1.3037E-11 ,    1.5061E-11 ,    2.2296E-11
 7.7499E-08 ,   8.1804E-08 ,    1.0274E+00 ,    1.0000E+00 ,    1.1925E-11 ,    1.3607E-11 ,    2.0357E-11
 8.1804E-08 ,   6.0000E+01 ,    1.0000E+00 ,    3.6924E-05 ,    1.7980E-10 ,    2.0265E-10 ,    2.7070E-10
